iterace, aco, random
0,11299,26342
1,11299,25552
2,10528,25552
3,9674,25552
4,8776,25291
5,8776,25291
6,8776,25291
7,8776,25291
8,8493,25291
9,8493,25291
10,8195,25291
11,8195,25291
12,8195,25291
13,8195,25291
14,8195,25291
15,8195,24673
16,8195,24673
17,8195,24673
18,8195,24673
19,8195,24673
20,8195,24673
21,8195,24673
22,7990,24673
23,7990,24673
24,7990,24673
25,7990,24673
26,7990,24673
27,7990,24673
28,7990,24673
29,7990,24673
30,7990,24673
31,7990,24670
32,7990,24670
33,7990,24670
34,7990,24670
35,7990,24670
36,7990,24670
37,7990,24670
38,7990,24670
39,7980,24670
40,7980,24670
41,7980,24670
42,7980,24670
43,7980,24670
44,7980,24670
45,7980,24670
46,7980,24670
47,7786,24670
48,7786,24670
49,7786,24670
0,11855,26421
1,11422,26421
2,9824,26421
3,9370,26421
4,9164,26421
5,9000,26421
6,8726,25679
7,8726,25679
8,8484,25679
9,8204,25679
10,8204,25679
11,8204,25679
12,8204,24872
13,8204,24872
14,7985,24872
15,7985,24872
16,7985,24872
17,7985,24872
18,7985,24872
19,7985,24872
20,7985,24872
21,7985,24872
22,7985,24872
23,7985,24872
24,7985,24872
25,7985,24872
26,7985,24872
27,7985,24872
28,7759,24872
29,7759,24872
30,7759,24872
31,7759,24872
32,7759,24872
33,7759,24872
34,7759,24872
35,7759,24872
36,7759,24872
37,7759,24872
38,7759,24872
39,7759,24872
40,7759,24707
41,7759,24707
42,7759,24707
43,7759,24707
44,7759,24707
45,7759,24707
46,7759,24707
47,7759,24707
48,7759,24707
49,7759,24707
0,11498,26162
1,10155,26162
2,10155,26162
3,9238,25913
4,9238,25913
5,9211,25913
6,9011,25913
7,9011,25913
8,8462,25913
9,8462,25913
10,8173,25913
11,8173,25913
12,8173,25913
13,7821,25913
14,7821,25643
15,7821,25643
16,7821,25643
17,7737,25643
18,7737,25643
19,7737,25643
20,7737,25643
21,7737,25643
22,7737,25643
23,7737,25643
24,7737,25643
25,7737,25643
26,7737,24655
27,7737,24655
28,7737,24655
29,7737,24655
30,7737,24655
31,7737,24655
32,7737,24655
33,7737,24655
34,7737,24655
35,7737,24655
36,7737,24655
37,7737,24655
38,7737,24655
39,7737,24655
40,7737,24655
41,7737,24655
42,7737,24655
43,7737,24655
44,7737,24655
45,7737,24655
46,7737,24655
47,7737,24655
48,7737,24655
49,7737,24655
0,12110,25460
1,11399,25460
2,10516,25460
3,9675,25460
4,8206,25460
5,8206,25460
6,8206,25460
7,8206,25460
8,8206,25460
9,8206,25460
10,8206,25460
11,8206,24454
12,8206,24454
13,8206,24454
14,7897,24454
15,7884,24454
16,7884,24454
17,7884,24454
18,7884,24454
19,7884,24454
20,7884,24454
21,7884,24454
22,7706,24454
23,7706,24454
24,7706,24454
25,7706,24454
26,7706,24454
27,7706,24454
28,7706,24454
29,7706,24454
30,7706,24454
31,7706,24058
32,7706,24058
33,7706,24058
34,7706,24058
35,7706,24058
36,7706,24058
37,7706,24058
38,7706,24058
39,7706,24058
40,7706,24058
41,7706,24058
42,7706,24058
43,7706,24058
44,7706,24058
45,7706,24058
46,7706,24058
47,7706,24058
48,7706,24058
49,7706,24058
0,11479,26180
1,11046,26180
2,9728,26180
3,9571,25183
4,9215,25183
5,8876,25183
6,8427,25183
7,8427,25183
8,8427,24726
9,8427,24726
10,8427,24701
11,8427,24701
12,8181,24701
13,8181,24701
14,8181,24701
15,8181,24143
16,8181,24143
17,8181,24143
18,8181,24143
19,8181,24143
20,8181,24143
21,8181,24143
22,8181,24143
23,8181,24143
24,8181,24143
25,8181,24143
26,8181,24143
27,8181,24143
28,8181,24143
29,8181,24143
30,8181,24143
31,8181,24143
32,8181,24143
33,8181,24143
34,8181,24143
35,8181,24143
36,8181,24143
37,8078,24143
38,8078,24143
39,8078,24143
40,8078,24143
41,8078,24143
42,8078,24143
43,8078,24143
44,8078,24143
45,8048,24143
46,8048,24143
47,8048,24143
48,8048,24143
49,8048,24143
0,11888,24779
1,11645,24779
2,10692,24779
3,9981,24779
4,9121,24779
5,9121,24779
6,8500,24779
7,8500,24779
8,8500,24779
9,8500,24779
10,8110,24779
11,8110,24779
12,8110,24779
13,8110,24779
14,8110,24779
15,8110,24779
16,8110,24779
17,8110,24779
18,8110,24779
19,8110,24779
20,8110,24779
21,8110,24779
22,8110,24779
23,8110,24779
24,8110,24779
25,8110,24779
26,8110,24779
27,8107,24779
28,8107,24779
29,8107,24779
30,8107,24779
31,8052,24779
32,8052,24779
33,8052,24779
34,8052,24779
35,8052,24779
36,8013,24779
37,8013,24779
38,8013,24779
39,8013,24779
40,8013,24779
41,8013,24779
42,8013,24779
43,8013,24779
44,8013,24779
45,8013,24779
46,8013,24779
47,8013,24779
48,8013,24779
49,8013,24779
0,11952,26059
1,11561,26059
2,10347,25987
3,9601,25987
4,9537,25987
5,8892,25987
6,8892,25987
7,8526,25796
8,8526,25796
9,8240,25075
10,8035,25075
11,8035,25075
12,8035,25075
13,8035,25075
14,8035,25075
15,8035,25075
16,8035,25075
17,8035,25075
18,8035,25075
19,8035,25075
20,8035,25075
21,8035,25075
22,8035,25075
23,8035,25075
24,8035,25075
25,8035,25075
26,8035,25075
27,8035,24624
28,8035,24624
29,8035,24624
30,8035,24624
31,8035,24624
32,8035,24624
33,8035,24624
34,8035,24624
35,8035,24624
36,8035,24624
37,8035,24624
38,8035,24624
39,8035,24624
40,7901,24624
41,7901,24624
42,7901,24624
43,7901,24624
44,7901,24624
45,7901,24624
46,7901,24624
47,7901,24624
48,7901,24624
49,7901,24624
0,12316,25405
1,10447,25405
2,9467,25405
3,9467,25275
4,9056,25275
5,9056,25275
6,9028,25275
7,8216,25275
8,8216,25275
9,8216,25275
10,8216,25275
11,8216,25275
12,8216,25275
13,8216,25275
14,8073,25275
15,8073,24190
16,7862,24190
17,7862,24190
18,7862,24190
19,7862,24190
20,7862,24190
21,7862,24190
22,7862,24190
23,7862,24190
24,7862,24190
25,7862,24190
26,7862,24190
27,7862,24190
28,7862,24190
29,7862,24190
30,7862,24190
31,7862,24190
32,7862,24190
33,7862,24190
34,7862,24190
35,7862,24190
36,7862,24190
37,7862,24190
38,7862,24190
39,7862,24190
40,7862,24190
41,7862,24190
42,7862,24190
43,7862,24190
44,7862,24190
45,7862,24190
46,7862,24190
47,7862,24190
48,7862,24190
49,7862,24190
0,12878,26925
1,11616,26925
2,10857,25786
3,9974,25786
4,8973,25786
5,8973,25786
6,8723,25786
7,8230,25786
8,8230,25786
9,8230,25786
10,8230,25786
11,8025,25392
12,8025,25392
13,8025,25257
14,8025,25257
15,8025,25257
16,8025,25257
17,7658,25257
18,7658,25257
19,7658,25257
20,7658,25257
21,7658,25257
22,7658,25257
23,7658,24816
24,7658,24816
25,7658,24816
26,7658,24816
27,7658,24816
28,7658,24816
29,7658,24816
30,7658,24816
31,7658,24816
32,7658,24816
33,7658,24816
34,7658,24816
35,7658,24816
36,7658,24816
37,7658,24816
38,7658,24816
39,7658,24816
40,7658,24816
41,7658,24816
42,7658,24816
43,7658,24816
44,7658,24816
45,7658,24816
46,7658,24816
47,7658,24816
48,7658,24816
49,7658,24816
0,12357,26530
1,10336,26503
2,10336,26422
3,9275,25818
4,9275,25818
5,8856,25818
6,8856,25818
7,8628,25818
8,8628,25818
9,8628,25818
10,8329,25818
11,8329,25818
12,8329,25818
13,7932,25818
14,7928,25818
15,7928,24608
16,7928,24608
17,7928,24608
18,7928,24608
19,7928,24608
20,7928,24608
21,7928,24608
22,7928,24608
23,7928,24608
24,7928,24608
25,7928,24608
26,7928,24608
27,7928,24608
28,7928,24608
29,7928,24608
30,7928,24608
31,7928,24339
32,7928,24339
33,7928,24339
34,7928,24339
35,7928,24339
36,7928,24339
37,7928,24339
38,7928,24339
39,7928,24339
40,7928,24339
41,7928,24339
42,7928,24339
43,7928,24339
44,7928,24339
45,7928,24339
46,7928,24339
47,7928,24339
48,7928,24339
49,7928,24339
0,12797,27542
1,11181,27124
2,10279,25623
3,9287,25401
4,8866,25401
5,8615,25401
6,8615,25401
7,8575,25401
8,8507,25401
9,8507,25401
10,8507,25401
11,8507,25401
12,8316,25401
13,8281,25401
14,8281,24752
15,8026,24752
16,8026,24752
17,8026,24752
18,8026,24752
19,8026,24752
20,8026,24752
21,8003,24752
22,8003,24752
23,8003,24752
24,8003,24752
25,8003,24752
26,8003,24752
27,8003,24752
28,8003,24752
29,8003,24752
30,8003,24752
31,8003,24752
32,8003,24262
33,8003,24262
34,8003,24262
35,8003,24262
36,7936,24262
37,7936,24262
38,7936,24262
39,7936,24262
40,7936,24262
41,7936,24262
42,7936,24262
43,7936,24262
44,7915,24262
45,7915,24262
46,7915,24262
47,7915,24262
48,7915,24262
49,7857,24262
0,12689,26602
1,10784,26602
2,10201,25743
3,9952,25743
4,9300,25384
5,9138,25384
6,8913,25384
7,8722,25384
8,8722,25384
9,8722,25384
10,8722,25384
11,8484,25384
12,8378,25384
13,8378,25384
14,8255,25384
15,8255,25384
16,8255,25384
17,8255,25384
18,8255,25384
19,8255,25384
20,8255,25325
21,8255,25325
22,8255,25325
23,7993,25325
24,7993,25325
25,7993,25325
26,7993,25325
27,7993,25325
28,7993,25325
29,7993,25325
30,7993,25325
31,7993,25325
32,7993,25325
33,7993,25325
34,7993,25325
35,7993,25325
36,7993,25325
37,7993,25325
38,7993,25325
39,7993,24958
40,7993,24958
41,7993,24958
42,7993,24958
43,7993,24958
44,7993,24958
45,7993,24958
46,7993,24958
47,7993,24958
48,7993,24958
49,7870,24226
0,11549,26527
1,11549,26527
2,10370,24630
3,9699,24630
4,9699,24630
5,8290,24630
6,8290,24630
7,8290,24630
8,8181,24630
9,8181,24630
10,8181,24630
11,8181,24630
12,7976,24630
13,7976,24630
14,7976,24630
15,7976,24630
16,7976,24630
17,7976,24630
18,7976,24630
19,7976,24630
20,7976,24630
21,7976,24630
22,7976,24630
23,7976,24630
24,7976,24630
25,7976,24630
26,7976,24630
27,7976,24630
28,7949,24145
29,7949,24145
30,7949,24145
31,7949,24145
32,7949,24145
33,7949,24145
34,7949,24145
35,7949,24145
36,7949,24145
37,7949,24145
38,7949,24145
39,7949,24145
40,7949,24145
41,7949,24145
42,7949,24145
43,7949,24145
44,7949,24145
45,7949,24145
46,7949,24145
47,7949,24145
48,7949,24145
49,7949,24145
0,11867,25838
1,11244,25838
2,9783,25763
3,9225,25763
4,9225,25763
5,9225,25763
6,8571,25763
7,8571,24110
8,8518,24110
9,8325,24110
10,8325,24110
11,8325,24110
12,8005,24110
13,8005,24110
14,8005,24110
15,8005,24110
16,8005,24110
17,8005,24110
18,8005,24110
19,8005,24110
20,8005,24110
21,8005,24110
22,8005,24110
23,7922,24110
24,7922,24110
25,7922,24110
26,7922,24110
27,7922,24110
28,7922,24110
29,7922,24110
30,7922,24110
31,7922,24110
32,7922,24110
33,7922,24110
34,7922,24110
35,7922,24110
36,7922,24110
37,7922,24110
38,7922,24110
39,7922,24110
40,7922,24110
41,7922,24110
42,7922,24110
43,7922,24110
44,7922,24110
45,7922,24110
46,7922,24110
47,7922,24110
48,7922,24110
49,7922,24110
0,12398,26423
1,10626,26099
2,10331,26099
3,9801,26099
4,9539,26099
5,9156,26019
6,8813,26019
7,8285,25258
8,8285,25258
9,8285,25258
10,8285,25258
11,8285,25258
12,8240,25008
13,8240,25008
14,8240,25008
15,8240,25008
16,8240,25008
17,8005,25008
18,8005,25008
19,8005,25008
20,8005,25008
21,8005,25008
22,8005,25008
23,8005,25008
24,7932,25008
25,7932,24943
26,7932,24943
27,7932,24943
28,7932,24943
29,7932,24943
30,7932,24943
31,7789,24943
32,7786,24943
33,7786,24943
34,7786,24943
35,7786,24872
36,7786,24872
37,7786,24872
38,7786,24872
39,7786,24872
40,7786,24872
41,7786,24872
42,7786,24872
43,7786,24872
44,7786,24872
45,7786,24872
46,7786,24872
47,7786,24872
48,7786,24872
49,7786,24872
0,12438,24990
1,11228,24990
2,9982,24990
3,9095,24990
4,8870,24990
5,8870,24990
6,8801,24990
7,8801,24990
8,8540,24990
9,8540,24990
10,8540,24990
11,8211,24990
12,8211,24990
13,8211,24990
14,8211,24990
15,8211,24990
16,8006,24990
17,8006,24990
18,8006,24990
19,7930,24990
20,7930,24990
21,7930,24952
22,7930,24952
23,7930,24283
24,7930,24283
25,7930,24283
26,7930,24283
27,7930,24283
28,7930,24283
29,7930,24283
30,7930,24283
31,7930,24283
32,7930,24283
33,7873,24283
34,7873,24283
35,7873,24283
36,7873,24102
37,7873,24102
38,7873,24102
39,7873,24102
40,7873,24102
41,7873,24102
42,7873,24102
43,7873,24102
44,7873,24102
45,7873,24102
46,7873,24102
47,7873,24102
48,7873,24102
49,7873,24102
0,11412,26879
1,11257,26558
2,10554,25452
3,9538,25452
4,8442,25452
5,8442,25452
6,8442,25452
7,8442,25218
8,8442,25218
9,7784,25218
10,7784,25218
11,7784,25218
12,7784,25218
13,7784,25218
14,7784,25218
15,7784,25218
16,7784,25218
17,7784,25218
18,7784,25218
19,7784,25218
20,7784,25218
21,7784,25218
22,7784,25218
23,7784,25218
24,7784,25218
25,7784,25218
26,7784,25218
27,7784,25218
28,7784,25218
29,7784,25218
30,7784,25218
31,7784,25218
32,7784,25218
33,7784,25218
34,7784,25218
35,7784,25218
36,7784,25218
37,7784,25218
38,7784,25218
39,7784,25218
40,7784,25218
41,7784,24984
42,7784,24984
43,7784,24984
44,7784,24984
45,7784,24984
46,7784,24954
47,7784,24954
48,7784,24954
49,7784,24622
0,12289,27058
1,11881,27058
2,9821,25941
3,9244,25941
4,9129,25941
5,8533,25941
6,8533,25941
7,8457,25941
8,8457,25941
9,8400,25040
10,8252,25040
11,7854,25040
12,7854,25040
13,7854,25040
14,7854,25040
15,7854,25040
16,7854,25040
17,7854,25040
18,7854,25040
19,7854,25040
20,7854,25040
21,7854,25040
22,7854,25040
23,7854,25040
24,7854,24682
25,7854,24682
26,7854,24682
27,7854,24682
28,7854,24682
29,7854,24682
30,7854,24682
31,7854,24682
32,7854,24682
33,7854,24682
34,7854,24682
35,7854,24229
36,7840,24229
37,7840,24229
38,7840,24229
39,7840,24229
40,7840,24229
41,7840,24229
42,7840,24229
43,7840,24229
44,7840,24229
45,7840,24229
46,7840,24229
47,7840,24229
48,7840,24229
49,7840,24229
0,11924,26040
1,10786,26040
2,9897,26040
3,9826,26040
4,9396,26040
5,9165,26040
6,8222,26040
7,8222,23961
8,8222,23961
9,8222,23961
10,8222,23961
11,8222,23961
12,8222,23961
13,8222,23961
14,8222,23961
15,7791,23961
16,7791,23961
17,7791,23961
18,7791,23961
19,7791,23961
20,7791,23961
21,7757,23961
22,7757,23961
23,7757,23961
24,7757,23961
25,7757,23961
26,7757,23961
27,7757,23961
28,7757,23262
29,7757,23262
30,7757,23262
31,7757,23262
32,7757,23262
33,7757,23262
34,7757,23262
35,7757,23262
36,7757,23262
37,7757,23262
38,7757,23262
39,7757,23262
40,7757,23262
41,7757,23262
42,7757,23262
43,7757,23262
44,7757,23262
45,7757,23262
46,7757,23262
47,7757,23262
48,7757,23262
49,7757,23262
0,11654,26163
1,10893,25682
2,10075,25682
3,9625,25682
4,8721,25682
5,8721,25542
6,8721,24687
7,8721,24687
8,8721,24687
9,8721,24687
10,8721,24687
11,8433,24687
12,8433,24687
13,8433,24687
14,8433,24687
15,8433,24687
16,8193,24687
17,8193,24687
18,8193,24687
19,8193,24687
20,7847,24687
21,7847,24687
22,7847,24687
23,7847,24687
24,7847,24687
25,7847,24687
26,7847,24687
27,7847,23749
28,7759,23749
29,7759,23749
30,7759,23749
31,7759,23749
32,7759,23749
33,7759,23749
34,7759,23749
35,7759,23749
36,7759,23749
37,7759,23749
38,7759,23749
39,7759,23749
40,7759,23749
41,7759,23749
42,7759,23749
43,7759,23749
44,7759,23749
45,7759,23749
46,7759,23749
47,7759,23749
48,7759,23749
49,7759,23749
0,12535,25753
1,11233,25753
2,10688,25753
3,9101,25753
4,9101,25350
5,9101,25350
6,8534,25350
7,8534,25350
8,8534,25350
9,8534,25350
10,8056,24970
11,8056,24970
12,8056,24970
13,8056,24970
14,8056,24970
15,8051,24970
16,8051,24970
17,8051,24970
18,8051,24970
19,8051,24970
20,8051,24970
21,8051,24970
22,8051,24970
23,8051,24970
24,8051,24970
25,8051,24970
26,8051,24053
27,8051,24053
28,8051,24053
29,8051,24053
30,7823,24053
31,7823,24053
32,7823,24053
33,7791,24053
34,7791,24053
35,7697,24053
36,7697,24053
37,7697,24053
38,7697,24053
39,7697,24053
40,7697,24053
41,7697,24053
42,7697,24053
43,7697,24053
44,7697,24053
45,7697,24053
46,7697,24053
47,7697,24053
48,7697,24053
49,7697,24053
0,12320,27135
1,10520,26919
2,10381,26532
3,10128,26532
4,8536,26332
5,8536,26332
6,8536,24085
7,8536,24085
8,8408,24085
9,8408,24085
10,8408,24085
11,8408,24085
12,8370,24085
13,8370,24085
14,8370,24085
15,8370,24085
16,8251,24085
17,8038,24085
18,8038,24085
19,8038,24085
20,8038,24085
21,8038,24085
22,8038,24085
23,8006,24085
24,8006,24085
25,8006,24085
26,7911,24085
27,7911,24085
28,7911,24085
29,7911,24085
30,7911,24085
31,7911,24085
32,7911,24085
33,7911,24085
34,7911,24085
35,7911,24085
36,7911,24085
37,7911,24085
38,7911,24085
39,7911,24085
40,7911,24085
41,7911,24085
42,7911,24085
43,7911,24085
44,7911,24085
45,7911,24085
46,7911,24085
47,7911,24085
48,7911,24085
49,7911,24085
0,11915,27857
1,11342,25207
2,10620,25207
3,9474,24020
4,9474,24020
5,8623,24020
6,8623,24020
7,8623,24020
8,7804,24020
9,7804,24020
10,7804,24020
11,7804,24020
12,7804,24020
13,7804,24020
14,7804,24020
15,7804,24020
16,7804,24020
17,7804,24020
18,7804,24020
19,7804,24020
20,7804,24020
21,7804,24020
22,7804,24020
23,7804,24020
24,7804,24020
25,7804,24020
26,7804,24020
27,7804,24020
28,7804,24020
29,7804,24020
30,7804,24020
31,7804,24020
32,7804,24020
33,7804,24020
34,7804,24020
35,7804,24020
36,7804,24020
37,7804,24020
38,7804,24020
39,7804,24020
40,7804,24020
41,7804,24020
42,7804,24020
43,7804,24020
44,7804,24020
45,7804,24020
46,7804,24020
47,7804,24020
48,7804,24020
49,7804,24020
0,12184,26102
1,11307,26102
2,9909,26102
3,9556,26102
4,8935,26102
5,8935,26102
6,8935,26102
7,8802,25112
8,8802,25112
9,8385,25112
10,8359,25112
11,8359,25112
12,8359,25112
13,8359,25112
14,8359,25112
15,8359,25112
16,8211,25112
17,8211,25112
18,8211,25112
19,8211,24339
20,8211,24339
21,8211,24339
22,8211,24339
23,7854,24339
24,7854,24339
25,7854,24339
26,7854,24339
27,7854,24339
28,7854,24339
29,7854,24339
30,7854,24339
31,7854,24339
32,7854,24339
33,7854,24339
34,7854,24339
35,7854,24339
36,7854,24339
37,7854,24339
38,7658,24339
39,7658,24339
40,7658,24339
41,7658,24339
42,7658,24339
43,7658,24339
44,7658,24339
45,7658,24339
46,7658,24339
47,7658,24339
48,7658,24339
49,7658,24339
0,12094,25777
1,11132,25777
2,10489,25777
3,9896,25777
4,9022,25456
5,9022,25456
6,8257,25456
7,8257,25456
8,8074,25456
9,8074,25456
10,8074,25456
11,8074,25456
12,8074,25456
13,8074,25456
14,8041,25456
15,8041,25456
16,7952,25456
17,7952,25456
18,7952,25456
19,7742,25456
20,7742,25456
21,7742,25456
22,7742,25456
23,7742,25456
24,7742,25456
25,7742,25456
26,7742,25456
27,7742,25456
28,7742,25456
29,7742,25456
30,7742,25456
31,7742,25456
32,7742,25456
33,7742,25456
34,7742,25456
35,7742,25456
36,7691,25456
37,7691,25456
38,7691,25456
39,7691,25456
40,7691,25456
41,7691,25456
42,7691,25456
43,7691,25456
44,7691,25456
45,7691,25456
46,7691,25456
47,7691,25456
48,7691,25456
49,7691,25456
0,11312,26308
1,11312,26308
2,9898,26308
3,8872,26308
4,8742,23819
5,8742,23819
6,8568,23819
7,8547,23819
8,8141,23819
9,8141,23819
10,8141,23819
11,8141,23819
12,8141,23819
13,8141,23819
14,8141,23819
15,8141,23819
16,8141,23819
17,8141,23819
18,8111,23819
19,8111,23819
20,8111,23819
21,8111,23819
22,8111,23819
23,8111,23819
24,8111,23819
25,8111,23819
26,8111,23819
27,8111,23819
28,8111,23819
29,8111,23819
30,8111,23819
31,8111,23819
32,8111,23819
33,8111,23819
34,8111,23819
35,8111,23819
36,8088,23819
37,8088,23819
38,8088,23819
39,8088,23819
40,8088,23819
41,8088,23819
42,8088,23819
43,8088,23819
44,8088,23819
45,7965,23819
46,7965,23819
47,7965,23819
48,7965,23819
49,7965,23819
0,11752,27259
1,11261,25544
2,9033,25544
3,8789,25544
4,8789,24809
5,8789,24809
6,8743,24809
7,8743,24809
8,8336,24809
9,8336,24809
10,8180,24809
11,8113,24809
12,8113,24809
13,8113,24809
14,8113,24809
15,8113,24809
16,8038,24809
17,8038,24809
18,8038,24809
19,8028,24809
20,8028,24809
21,8028,24809
22,8028,24809
23,8028,24809
24,8028,24809
25,8028,24809
26,8028,24809
27,8028,24809
28,8028,24809
29,8028,24809
30,8028,24140
31,8028,24140
32,8028,24140
33,8028,24140
34,8028,24140
35,8028,24140
36,8028,24140
37,8028,24140
38,8028,24140
39,8028,24140
40,7910,24140
41,7910,24140
42,7910,24140
43,7910,24140
44,7910,24140
45,7858,24140
46,7858,24140
47,7858,24140
48,7858,24140
49,7858,24140
0,11646,25877
1,10016,25877
2,9325,25877
3,9225,25877
4,9225,25877
5,9083,25517
6,8416,25517
7,8416,24529
8,8416,24529
9,8416,24529
10,8416,24529
11,8397,24529
12,8397,24529
13,8306,24529
14,8306,24529
15,8306,24529
16,8306,24529
17,8306,24529
18,8306,24529
19,8223,24529
20,8223,24529
21,8223,24529
22,7974,24529
23,7974,24529
24,7974,24529
25,7974,24529
26,7974,24529
27,7974,24529
28,7974,24529
29,7974,24529
30,7974,24529
31,7974,24529
32,7974,24529
33,7974,24529
34,7974,24529
35,7974,24529
36,7974,24529
37,7974,24529
38,7974,24529
39,7974,24529
40,7974,24529
41,7974,24529
42,7974,24529
43,7974,24529
44,7974,24529
45,7974,24529
46,7974,24529
47,7974,24529
48,7974,24529
49,7974,24529
0,12132,27715
1,10693,26760
2,10501,26642
3,9907,26642
4,8878,26606
5,8878,26606
6,8398,26606
7,8398,26606
8,8398,25969
9,8398,24748
10,8140,24748
11,8140,24748
12,8140,24748
13,8140,24748
14,8140,24748
15,8070,24748
16,8070,24748
17,8070,24748
18,8070,24748
19,8070,24748
20,8070,24748
21,8070,24748
22,8070,24748
23,8070,24748
24,8070,24748
25,8070,24688
26,8070,24688
27,8070,24688
28,8070,24688
29,8070,24402
30,8070,24402
31,8070,24402
32,8070,24402
33,8070,24402
34,8070,24402
35,8070,24402
36,8070,24402
37,8070,24402
38,8070,24402
39,8070,24402
40,8070,24402
41,8070,24402
42,8070,24402
43,8070,24402
44,8070,24402
45,8070,24402
46,8070,24402
47,8070,24402
48,8070,24402
49,8070,24402
0,12044,25546
1,11562,25546
2,10440,25476
3,9374,25476
4,9374,25476
5,8626,25476
6,8626,25015
7,8626,25015
8,8626,25015
9,8626,25015
10,8442,25015
11,8326,25015
12,8044,25015
13,8044,25015
14,8044,25015
15,8044,25015
16,8044,25015
17,8044,25015
18,8023,25015
19,8023,25015
20,8023,25015
21,8023,25015
22,8023,25015
23,8023,25015
24,8023,25015
25,8023,25015
26,8023,25015
27,8023,25015
28,8023,25015
29,8023,25015
30,8023,25015
31,8023,25015
32,8023,25015
33,8023,25015
34,8023,25015
35,8023,25015
36,8023,25015
37,8023,25015
38,8023,25015
39,8023,25015
40,8023,25015
41,8023,25015
42,7953,25015
43,7953,25015
44,7953,25015
45,7953,25015
46,7953,25015
47,7953,25015
48,7953,25015
49,7953,25015
0,11940,25193
1,11399,25193
2,10746,25193
3,9594,25193
4,8432,25193
5,8432,25193
6,8432,25193
7,8432,25193
8,8432,24943
9,8432,24943
10,8432,24943
11,8432,24943
12,8432,24943
13,8432,24943
14,7923,24943
15,7923,24943
16,7923,24943
17,7923,24943
18,7923,24589
19,7923,24589
20,7923,24589
21,7923,24589
22,7923,24589
23,7923,24589
24,7790,24589
25,7790,24589
26,7790,24589
27,7790,24589
28,7790,24589
29,7790,24589
30,7790,24589
31,7790,24589
32,7790,24589
33,7790,24589
34,7790,24589
35,7790,24589
36,7790,24589
37,7790,24589
38,7790,24589
39,7790,24589
40,7790,24589
41,7790,24589
42,7790,24589
43,7790,24589
44,7790,24589
45,7790,24589
46,7790,24589
47,7790,24589
48,7790,24589
49,7790,24589
0,11891,26604
1,10791,26604
2,10446,25319
3,9349,25319
4,8888,25319
5,8888,25319
6,8739,25319
7,8153,25319
8,8153,25319
9,8153,25319
10,8153,25319
11,8153,25319
12,8153,25319
13,8153,25319
14,8153,25319
15,8153,25319
16,8153,25319
17,8153,25319
18,8153,25279
19,7840,25279
20,7840,24595
21,7840,24595
22,7840,24595
23,7840,24595
24,7840,24595
25,7840,24595
26,7840,24595
27,7840,24595
28,7840,24595
29,7840,24595
30,7840,24595
31,7840,24595
32,7840,24595
33,7840,24595
34,7840,24595
35,7840,24595
36,7840,24595
37,7840,24595
38,7840,24595
39,7840,24595
40,7840,24595
41,7809,24595
42,7809,24595
43,7809,24518
44,7809,24518
45,7809,24518
46,7809,24518
47,7809,24518
48,7809,24518
49,7809,24518
0,12783,26058
1,10854,26058
2,10558,26058
3,9456,23996
4,9283,23996
5,8723,23996
6,8723,23996
7,8610,23996
8,8610,23996
9,8610,23996
10,8610,23996
11,8610,23996
12,8500,23996
13,8110,23996
14,8110,23996
15,8110,23996
16,8110,23996
17,8110,23996
18,7990,23327
19,7990,23327
20,7990,23327
21,7990,23327
22,7990,23327
23,7990,23327
24,7990,23327
25,7990,23327
26,7990,23327
27,7990,23327
28,7990,23327
29,7990,23327
30,7990,23327
31,7990,23327
32,7990,23327
33,7990,23327
34,7990,23327
35,7990,23327
36,7990,23327
37,7990,23327
38,7990,23327
39,7791,23327
40,7791,23327
41,7791,23327
42,7791,23327
43,7791,23327
44,7791,23327
45,7791,23327
46,7791,23327
47,7791,23327
48,7791,23327
49,7791,23327
0,12674,27160
0,11283,27244
1,11230,26222
1,11283,26977
2,10378,26222
2,10267,26303
3,8929,26222
3,9499,26303
4,8929,25652
5,8929,25652
4,9272,26303
6,8750,25652
5,8775,26303
7,8609,25652
6,8775,26136
8,8609,25652
7,8775,26136
9,8323,25652
8,8494,26136
10,8323,25652
9,8436,26136
10,8436,26136
11,8323,25652
11,8375,26136
12,8323,25652
12,8375,26136
13,8239,25652
13,8336,26136
14,8072,25652
14,8336,26136
15,8072,25652
15,8336,26136
16,8072,25652
16,8336,25944
17,8072,25652
17,8336,25479
18,8072,25652
18,8336,25479
19,8072,25652
19,7960,25479
20,7997,25652
20,7960,25479
21,7997,25652
21,7960,25479
22,7997,25652
22,7960,25257
23,7997,25652
23,7960,25257
24,7997,25652
24,7865,25257
25,7997,25652
25,7865,25257
26,7865,25257
26,7997,25652
27,7865,25257
27,7997,25652
28,7865,25257
28,7997,25652
29,7865,25257
29,7997,25652
30,7865,25257
30,7997,25652
31,7865,25074
31,7997,25582
32,7865,25074
32,7997,25582
33,7865,25074
33,7997,25582
34,7865,25074
34,7997,25582
35,7865,25074
35,7997,25582
36,7865,25074
36,7997,25582
37,7997,25248
37,7771,25074
38,7997,25248
38,7771,25074
39,7997,25248
39,7771,25074
40,7997,25248
40,7771,25074
41,7997,25197
41,7771,25074
42,7997,25197
42,7771,24316
43,7997,25197
43,7771,24316
44,7997,25197
44,7771,24316
45,7997,25197
45,7771,24316
46,7997,24719
46,7771,24316
47,7997,24719
47,7771,24316
48,7997,24719
48,7771,24316
49,7997,24719
49,7771,24316
0,11728,27182
1,11313,27056
2,10853,27056
3,9762,25385
4,9236,25385
5,8682,25385
6,8682,25385
7,8430,25385
8,8430,25385
9,8430,25327
10,8430,25327
11,8106,25327
12,8106,25327
13,8106,25327
14,8106,25327
15,8106,25327
16,8106,25327
17,8106,25327
18,8106,25327
19,8106,25327
20,8106,25327
21,7791,25327
22,7791,25327
23,7791,25327
24,7791,25327
25,7791,25327
26,7791,25327
27,7791,25327
28,7791,25327
29,7791,23954
30,7791,23954
31,7791,23954
32,7791,23954
33,7791,23954
34,7791,23954
35,7791,23954
36,7791,23954
37,7791,23954
38,7791,23954
39,7791,23954
40,7791,23954
41,7791,23954
42,7791,23954
43,7791,23954
44,7791,23954
45,7791,23954
46,7791,23954
47,7791,23954
48,7791,23954
49,7791,23954
0,11248,26692
0,11479,27485
1,11248,26296
1,11479,27485
2,10064,26296
2,9709,26970
3,9370,26296
3,9650,26781
4,9340,26296
4,8784,26781
5,8834,26296
5,8784,23575
6,8834,26296
6,8606,23575
7,8638,26296
7,8606,23575
8,8236,26296
8,8606,23575
9,8236,26296
9,8606,23575
10,8236,26262
10,8377,23575
11,8236,26262
11,8377,23575
12,8236,26262
12,8377,23575
13,8167,26262
13,8292,23575
14,8167,25788
14,8082,23575
15,7946,25788
15,8082,23575
16,7946,25788
16,8082,23575
17,7946,25788
17,8082,23575
18,7946,25788
18,8082,23575
19,7946,25788
19,8082,23575
20,7946,25788
20,7934,23575
21,7946,25788
21,7934,23575
22,7894,23575
22,7872,25788
23,7894,23575
23,7872,25788
24,7894,23575
24,7872,25788
25,7894,23575
25,7872,25788
26,7894,23575
26,7872,24500
27,7894,23575
27,7872,24500
28,7894,23575
28,7872,24500
29,7894,23575
29,7872,24500
30,7894,23575
30,7872,24414
31,7894,23575
31,7872,23354
32,7894,23575
32,7872,23354
33,7894,23575
33,7872,23354
34,7894,23575
34,7872,23354
35,7894,23575
35,7872,23354
36,7894,23575
36,7872,23354
37,7894,23575
37,7872,23354
38,7894,23575
38,7872,23354
39,7894,23575
39,7872,23354
40,7894,23575
40,7872,23354
41,7894,23575
41,7872,23354
42,7894,23575
42,7872,23354
43,7852,23575
43,7872,23354
44,7852,23575
44,7872,23354
45,7852,23575
45,7872,23354
46,7852,23575
46,7680,23354
47,7852,23575
47,7680,23354
48,7852,23575
48,7680,23354
49,7852,23575
49,7680,23354
0,12035,24953
1,10522,24953
2,10522,24953
3,9620,24953
4,8825,24953
5,8825,24953
6,8300,24953
7,8300,24953
8,8300,24953
9,8300,24953
10,8300,24953
11,8300,24953
12,8175,24953
13,8175,24953
14,8175,24953
15,8175,24953
16,8175,24953
17,8175,24953
18,8175,24953
19,8175,24953
20,8025,24953
21,8025,24953
22,8025,24953
23,7747,24953
24,7747,24953
25,7747,24953
26,7747,24953
27,7747,24451
28,7747,24451
29,7747,24451
30,7747,24451
31,7747,24451
32,7747,24451
33,7747,24451
34,7747,24451
35,7747,24451
36,7747,24451
37,7747,24451
38,7747,24451
39,7747,24451
40,7747,24451
41,7747,24451
42,7747,24451
43,7747,24451
44,7747,24451
45,7747,24451
46,7747,24451
47,7747,24451
48,7747,24451
49,7747,24451
0,12893,27667
1,11451,26869
2,10138,25589
3,9248,25589
4,9220,25589
5,8904,25589
6,8634,25589
7,8634,25589
8,8153,25589
9,8153,25589
10,8153,25589
11,8153,25589
12,8153,25589
13,7979,25589
14,7979,25589
15,7979,25589
16,7979,25589
17,7979,25589
18,7979,25589
19,7979,25589
20,7979,25589
21,7979,25589
22,7832,25589
23,7832,25589
24,7832,25589
25,7832,25589
26,7832,25589
27,7832,25468
28,7832,25468
29,7832,25468
30,7832,25468
31,7832,25468
32,7832,25468
33,7832,25468
34,7832,25468
35,7832,25468
36,7680,25236
37,7680,25236
38,7680,25236
39,7680,25236
40,7680,25236
41,7680,25236
42,7680,25236
43,7680,25236
44,7680,25236
45,7680,25236
46,7680,25236
47,7680,25236
48,7680,25236
49,7680,25236
0,11972,26425
1,10611,24319
2,10521,24319
3,9730,24319
4,9216,24319
5,8793,24319
6,8793,24319
7,8584,24319
8,8584,24319
9,8341,24319
10,8153,24319
11,8153,24319
12,8153,24319
13,8153,24319
14,8153,24319
15,7974,24319
16,7974,24319
17,7974,24319
18,7974,24319
19,7974,24319
20,7974,24319
21,7974,24319
22,7974,24319
23,7974,24319
24,7974,24319
25,7974,24319
26,7974,24319
27,7974,24319
28,7974,24319
29,7974,24319
30,7974,24319
31,7974,24319
32,7974,24319
33,7974,24319
34,7974,24319
35,7974,24319
36,7974,24319
37,7974,24319
38,7974,24319
39,7974,24319
40,7974,24319
41,7974,24319
42,7965,24319
43,7965,24319
44,7965,24305
45,7965,24305
46,7965,24305
47,7965,24305
48,7965,24305
49,7965,24305
0,12502,27344
1,10733,26771
2,10100,26242
3,9422,26242
4,9422,26242
5,8922,26242
6,8922,26242
7,8170,26242
8,8170,26242
9,8082,26242
10,8082,26242
11,8082,25380
12,8082,25380
13,8082,25380
14,8082,25380
15,8082,25380
16,8061,25380
17,8061,25380
18,8061,25380
19,8061,25380
20,8061,25380
21,8061,25380
22,8061,25380
23,8061,25380
24,8061,25380
25,7707,25380
26,7707,25380
27,7707,25380
28,7707,25380
29,7707,25380
30,7707,25380
31,7707,25380
32,7707,25380
33,7707,25380
34,7707,25380
35,7707,24688
36,7707,24688
37,7707,24688
38,7707,23113
39,7707,23113
40,7707,23113
41,7707,23113
42,7707,23113
43,7707,23113
44,7707,23113
45,7707,23113
46,7707,23113
47,7707,23113
48,7707,23113
49,7707,23113
0,11288,27096
1,10966,27096
2,10074,26697
3,9152,25558
4,9152,25558
5,9152,25558
6,8729,25558
7,8729,25558
8,8413,25558
9,7978,25475
10,7978,25475
11,7978,25475
12,7978,24877
13,7978,24470
14,7978,24470
15,7978,24470
16,7978,24470
17,7978,24470
18,7978,24470
19,7978,24470
20,7936,24465
21,7936,24465
22,7936,24465
23,7936,24465
24,7936,24465
25,7936,24465
26,7936,24465
27,7936,24465
28,7936,24465
29,7936,24465
30,7936,24465
31,7936,23624
32,7936,23624
33,7936,23624
34,7936,23624
35,7936,23624
36,7936,23624
37,7936,23624
38,7936,23624
39,7936,23624
40,7815,23624
41,7815,23624
42,7815,23624
43,7815,23624
44,7815,23624
45,7815,23624
46,7706,23624
47,7706,23624
48,7706,23624
49,7706,23624
0,11436,27123
1,11436,25963
2,10024,25963
3,9164,25963
4,9155,25384
5,9155,25268
6,9155,25268
7,8872,25268
8,8153,25268
9,8153,25268
10,8153,25268
11,8153,25268
12,8153,25268
13,8153,25268
14,8153,25268
15,8153,25268
16,8153,25268
17,8153,24448
18,8153,24448
19,8153,24448
20,8153,24448
21,8153,24448
22,8153,24448
23,8153,24448
24,8137,24448
25,8137,24448
26,8137,24448
27,8137,24448
28,8137,24448
29,8137,24448
30,8137,24448
31,8137,24448
32,8137,24448
33,8137,24448
34,8137,24448
35,8137,24448
36,8137,24448
37,8137,24448
38,8137,24448
39,8071,24448
40,8071,24448
41,8071,24448
42,8071,24448
43,8071,24448
44,8071,24448
45,8071,24448
46,8071,24448
47,7852,24448
48,7852,24448
49,7852,24448
0,12053,26570
1,10739,26570
2,9628,26441
3,9628,26441
4,9075,26086
5,8921,26086
6,8921,24791
7,8564,24791
8,8564,24791
9,8403,24791
10,8403,24791
11,8393,24791
12,8393,24791
13,8329,24791
14,8329,24791
15,8119,24791
16,8119,24791
17,8119,24791
18,8119,24791
19,8119,24791
20,8119,24791
21,8119,24791
22,7973,24791
23,7973,24791
24,7973,24791
25,7973,24791
26,7973,24791
27,7973,24791
28,7973,24791
29,7973,24791
30,7973,24791
31,7973,24791
32,7973,24791
33,7973,24791
34,7973,24791
35,7973,24791
36,7973,24791
37,7973,24791
38,7973,24791
39,7973,24791
40,7911,24791
41,7911,24791
42,7911,24791
43,7911,24791
44,7911,24791
45,7911,24791
46,7911,24791
47,7911,24791
48,7911,24791
49,7911,24791
0,11601,25990
1,11319,25990
2,10762,25990
3,10109,25915
4,8933,25915
5,8519,25915
6,8519,24733
7,8519,24733
8,8519,24733
9,8519,24733
10,8519,24733
11,8508,24733
12,8508,24733
13,8508,24733
14,8231,24733
15,8169,24733
16,8169,24733
17,8169,24733
18,7960,24733
19,7960,24733
20,7960,24733
21,7960,24733
22,7960,24733
23,7960,24733
24,7960,24733
25,7960,24733
26,7960,24733
27,7960,24733
28,7960,24733
29,7960,24733
30,7960,24733
31,7960,24733
32,7960,24733
33,7960,24733
34,7960,24733
35,7960,24733
36,7960,24733
37,7960,24733
38,7959,24733
39,7959,24733
40,7959,24733
41,7959,24733
42,7959,24733
43,7959,24733
44,7663,24733
45,7663,24733
46,7663,24733
47,7663,24733
48,7663,24733
49,7663,24733
0,11968,26272
1,11442,24986
2,9811,24986
3,9811,24986
4,9220,24986
5,8551,24986
6,8551,24986
7,8551,24751
8,8262,24751
9,8262,24751
10,8262,24751
11,8262,24751
12,8262,24751
13,8262,24751
14,8262,24751
15,8262,24751
16,8262,24625
17,8262,24625
18,8262,24625
19,8262,24625
20,8262,24625
21,8199,24625
22,8141,24625
23,8141,24625
24,8141,24625
25,8141,24625
26,8141,24625
27,8141,24625
28,8141,24625
29,8141,24625
30,8141,24625
31,8141,24625
32,8141,24625
33,8141,24625
34,8141,24625
35,8141,24625
36,8141,24625
37,8141,24625
38,8141,24625
39,8141,24625
40,8067,24625
41,8067,24625
42,8067,24625
43,8067,24526
44,8067,24526
45,8067,24526
46,8067,24526
47,7905,24526
48,7905,24526
49,7905,24526
0,11301,26115
1,11301,24992
2,10630,24992
3,9575,24992
4,9272,24992
5,8896,24992
6,8472,24992
7,8472,24992
8,8262,24992
9,8262,24992
10,8262,24992
11,8262,24992
12,8262,24992
13,8227,24992
14,7819,24992
15,7819,24992
16,7819,24992
17,7819,24992
18,7819,24992
19,7819,24992
20,7819,24992
21,7819,24992
22,7819,24992
23,7819,23857
24,7819,23857
25,7819,23857
26,7819,23857
27,7819,23857
28,7819,23857
29,7819,23857
30,7819,23857
31,7819,23857
32,7819,23857
33,7819,23857
34,7819,23857
35,7819,23857
36,7819,22529
37,7819,22529
38,7819,22529
39,7819,22529
40,7819,22529
41,7819,22529
42,7819,22529
43,7819,22529
44,7819,22529
45,7819,22529
46,7819,22529
47,7819,22529
48,7819,22529
49,7819,22529
0,11989,27171
1,11739,27171
2,10804,26168
3,8995,26168
4,8469,26168
5,8469,26168
6,8469,25039
7,8469,25039
8,8469,24916
9,8243,24916
10,8243,24916
11,8243,24512
12,8233,24512
13,8212,24512
14,8212,24512
15,8034,24512
16,8034,24512
17,8034,24512
18,8034,24512
19,8034,24512
20,8034,24512
21,8034,24512
22,8034,24512
23,8034,24512
24,8034,24512
25,8034,24512
26,8034,24512
27,8034,24512
28,8034,24512
29,8034,24512
30,8034,24512
31,8034,24512
32,8034,24512
33,8034,24512
34,8034,24512
35,8034,24512
36,8034,24512
37,8034,24512
38,8034,24512
39,8034,24512
40,8034,24512
41,8034,24512
42,8034,24512
43,8034,24512
44,8034,24488
45,8034,24488
46,7742,24488
47,7742,24488
48,7742,24488
49,7742,24488
0,12587,25730
1,11783,25140
2,10711,25140
3,9333,23782
4,9333,23782
5,8605,23782
6,8489,23782
7,8219,23782
8,8219,23782
9,8219,23782
10,8219,23782
11,8219,23782
12,8219,23782
13,8219,23782
14,8219,23782
15,8219,23782
16,8219,23782
17,7841,23782
18,7841,23782
19,7841,23782
20,7841,23782
21,7841,23782
22,7841,23782
23,7841,23782
24,7841,23782
25,7841,23782
26,7841,23782
27,7841,23782
28,7786,23782
29,7786,23782
30,7786,23782
31,7786,23782
32,7786,23782
33,7786,23782
34,7786,23782
35,7786,23782
36,7786,23782
37,7786,23782
38,7786,23782
39,7786,23782
40,7786,23782
41,7786,23782
42,7786,23782
43,7786,23782
44,7786,23782
45,7786,23782
46,7786,23782
47,7786,23782
48,7786,23782
49,7786,23782
0,12834,25613
1,10778,25613
2,10112,25613
3,9421,25613
4,9055,24138
5,9055,24138
6,8858,24138
7,8858,24138
8,8557,24138
9,8526,24117
10,8526,24117
11,8471,24117
12,8066,24117
13,8066,24117
14,8066,24117
15,7940,24117
16,7940,24117
17,7940,24117
18,7940,24117
19,7940,24117
20,7940,24117
21,7940,24117
22,7940,24117
23,7940,24117
24,7940,24117
25,7940,24117
26,7940,24117
27,7940,24117
28,7940,24117
29,7791,24117
30,7791,24117
31,7791,24117
32,7791,24117
33,7791,24117
34,7791,24117
35,7791,24117
36,7791,24117
37,7791,24117
38,7791,24117
39,7791,24117
40,7791,24117
41,7791,24117
42,7791,24097
43,7791,24097
44,7791,24097
45,7791,24097
46,7791,24097
47,7791,24097
48,7791,24097
49,7791,24097
0,12066,27696
1,10972,26902
2,9903,25321
3,9308,25321
4,9251,25321
5,8514,25321
6,8514,25321
7,8514,25321
8,8514,25321
9,8514,25321
10,8431,25321
11,8431,25321
12,8431,25321
13,8420,25321
14,8420,25321
15,8420,25321
16,7995,25321
17,7995,25321
18,7995,25321
19,7995,25321
20,7995,25321
21,7995,25321
22,7995,25321
23,7963,25321
24,7963,25321
25,7963,25321
26,7963,25321
27,7963,25321
28,7963,25321
29,7963,25321
30,7963,24660
31,7963,24660
32,7963,24660
33,7963,24660
34,7963,24660
35,7963,24660
36,7963,24660
37,7963,24660
38,7963,24660
39,7963,24660
40,7963,24660
41,7963,24660
42,7889,24660
43,7889,24660
44,7889,24660
45,7889,24660
46,7889,24660
47,7889,24660
48,7889,24660
49,7889,24660
0,12600,27725
1,11544,26567
2,10207,25597
3,9868,25503
4,9585,25503
5,9062,25503
6,8267,25503
7,8267,25503
8,8267,25503
9,8267,25503
10,8267,25503
11,7872,25503
12,7872,25503
13,7872,25503
14,7872,25503
15,7872,25503
16,7872,25503
17,7872,25503
18,7872,25503
19,7872,25503
20,7872,25503
21,7872,25503
22,7872,25320
23,7872,25320
24,7872,25320
25,7872,25320
26,7872,25320
27,7872,25320
28,7872,24386
29,7872,24386
30,7872,24386
31,7872,24386
32,7872,24386
33,7872,24386
34,7872,24386
35,7872,24386
36,7872,24386
37,7872,24386
38,7872,24360
39,7872,24360
40,7872,24360
41,7872,24360
42,7872,24360
43,7872,24360
44,7872,24360
45,7872,24360
46,7872,24360
47,7872,24360
48,7872,24360
49,7872,24360
0,12310,27530
1,11137,27298
2,10648,25655
3,8822,25655
4,8287,25655
5,8287,25655
6,8287,25655
7,8287,25655
8,8287,25655
9,8287,25655
10,7947,25655
11,7947,25655
12,7947,25655
13,7947,25655
14,7947,25655
15,7947,25655
16,7947,25655
17,7947,25655
18,7947,25655
19,7947,25655
20,7947,25655
21,7947,25655
22,7947,25655
23,7947,25655
24,7947,25642
25,7947,25642
26,7947,25642
27,7947,25642
28,7947,25642
29,7947,25642
30,7945,25642
31,7945,25642
32,7945,25642
33,7945,24934
34,7945,24934
35,7945,24934
36,7945,24850
37,7945,23690
38,7945,23690
39,7945,23690
40,7945,23690
41,7939,23690
42,7939,23690
43,7939,23690
44,7939,23690
45,7939,23690
46,7939,23690
47,7939,23690
48,7939,23690
49,7885,23690
0,12045,27606
1,11311,26726
2,10378,26726
3,9687,26170
4,9518,25909
5,8500,25909
6,8500,25909
7,8500,25909
8,8119,25909
9,8119,25909
10,8119,25909
11,8119,25909
12,8119,25909
13,8119,25909
14,8119,25909
15,8119,25909
16,8119,25069
17,8119,25069
18,8119,25069
19,8119,25069
20,8016,25069
21,8016,25069
22,8016,25069
23,8016,25069
24,8016,25069
25,8016,25069
26,8016,25069
27,8016,25069
28,8016,25069
29,8016,25069
30,8016,25069
31,8016,25069
32,8016,25069
33,8016,24834
34,8016,24834
35,7955,24834
36,7955,24834
37,7955,24834
38,7955,24834
39,7955,24834
40,7955,24834
41,7955,24834
42,7955,24834
43,7955,24834
44,7955,24834
45,7955,24834
46,7955,24834
47,7955,24834
48,7955,24834
49,7955,24834
0,11929,25735
1,11516,25735
2,10127,25735
3,10029,25735
4,9656,25735
5,8401,25735
6,8401,25735
7,8401,25735
8,8363,25437
9,7949,25437
10,7949,25437
11,7949,25437
12,7949,25437
13,7949,25437
14,7949,25437
15,7949,25437
16,7949,25437
17,7949,25437
18,7949,24850
19,7949,24850
20,7949,24850
21,7949,24850
22,7949,24850
23,7721,24850
24,7721,24850
25,7721,24850
26,7721,24850
27,7721,24850
28,7721,24850
29,7721,24850
30,7721,24850
31,7721,24850
32,7721,24850
33,7721,24850
34,7721,24850
35,7721,24850
36,7721,24850
37,7721,24850
38,7721,24850
39,7721,24850
40,7721,24850
41,7721,24850
42,7721,24850
43,7721,24850
44,7721,24850
45,7721,24850
46,7721,24850
47,7721,24850
48,7721,24850
49,7721,24850
0,12456,26289
1,11850,26000
2,9811,26000
3,9788,24378
4,9533,24378
5,9109,24378
6,9000,24378
7,8446,24378
8,8446,24378
9,8300,24378
10,8300,24378
11,8300,24378
12,8191,24378
13,8191,24378
14,8191,24378
15,8191,24378
16,8191,24378
17,7999,24378
18,7999,24378
19,7999,24378
20,7999,24378
21,7999,24378
22,7999,24378
23,7999,24378
24,7999,24378
25,7999,24378
26,7999,24378
27,7999,24378
28,7999,24378
29,7999,24378
30,7999,24378
31,7999,24378
32,7999,24378
33,7939,24378
34,7939,24378
35,7939,24378
36,7939,24378
37,7863,24378
38,7863,24378
39,7863,24378
40,7863,24378
41,7863,24378
42,7863,24378
43,7863,24378
44,7863,24378
45,7863,24378
46,7863,24378
47,7863,24378
48,7863,24378
49,7863,24378
0,11929,25826
1,10735,25826
2,9929,25826
3,9675,25826
4,8615,25271
5,8536,25271
6,8536,25271
7,8536,25271
8,8523,25271
9,8452,25271
10,8452,25271
11,8025,25271
12,8025,25271
13,8025,25271
14,8025,25271
15,8025,25271
16,8010,25271
17,8010,25271
18,8010,24930
19,8010,24930
20,8010,24930
21,8010,24930
22,8010,24930
23,8010,24930
24,7845,24930
25,7845,24930
26,7845,24930
27,7845,24930
28,7845,24930
29,7845,24930
30,7845,24930
31,7845,24930
32,7845,24930
33,7845,24930
34,7845,24930
35,7845,24930
36,7845,24930
37,7845,24930
38,7845,24930
39,7845,24930
40,7845,24930
41,7845,24930
42,7845,24930
43,7845,24930
44,7845,24930
45,7845,24930
46,7845,24930
47,7845,24930
48,7845,24930
49,7845,24930
0,12854,26356
1,10573,25939
2,10573,25939
3,10134,25939
4,9601,25610
5,8820,24908
6,8820,24908
7,8582,24908
8,8582,24908
9,8464,24908
10,7978,24908
11,7978,24908
12,7978,24908
13,7978,24908
14,7978,24908
15,7978,24908
16,7978,24908
17,7801,24908
18,7801,24908
19,7801,24908
20,7801,24908
21,7801,24908
22,7801,24908
23,7801,24908
24,7801,24908
25,7801,24908
26,7801,24908
27,7801,24908
28,7801,24908
29,7801,24908
30,7801,24908
31,7801,24908
32,7801,24908
33,7801,24908
34,7801,24908
35,7801,24689
36,7801,24689
37,7801,24689
38,7801,24689
39,7801,24689
40,7801,24689
41,7801,24689
42,7801,24689
43,7801,24689
44,7801,24689
45,7801,24689
46,7801,24689
47,7801,24689
48,7801,24689
49,7801,24689
0,11130,25968
1,11130,25968
2,10070,25968
3,9711,25968
4,9024,25968
5,8943,25968
6,8943,25968
7,8440,25968
8,8440,25968
9,8440,25968
10,8317,25968
11,8317,25968
12,8317,25029
13,8317,25029
14,8317,25029
15,8317,25029
16,8317,25029
17,8317,25029
18,8317,25029
19,8157,25029
20,8109,25029
21,8109,25029
22,8109,25029
23,8109,25029
24,8109,25029
25,8109,24786
26,8109,24533
27,8109,24533
28,8109,24533
29,8109,24533
30,8109,24533
31,8109,24533
32,7952,24533
33,7952,24533
34,7952,24533
35,7952,24533
36,7952,24533
37,7952,24328
38,7952,24328
39,7952,24328
40,7952,24328
41,7952,24328
42,7952,24328
43,7952,24328
44,7952,24328
45,7952,24328
46,7952,24328
47,7952,24328
48,7952,24328
49,7952,24328
0,12610,25599
1,11054,25599
2,10778,25599
3,9379,25599
4,8887,25599
5,8235,25599
6,8235,25599
7,8145,25599
8,8145,25599
9,8145,25599
10,8145,25599
11,8145,25599
12,8145,25599
13,8145,25599
14,8145,25599
15,8145,25599
16,8145,25599
17,8145,25599
18,8145,25599
19,8145,25599
20,8105,25599
21,8105,25599
22,8105,25599
23,8105,25599
24,8105,25599
25,8105,25599
26,8105,25599
27,8105,25599
28,7735,25599
29,7735,25330
30,7735,25330
31,7735,25330
32,7735,25330
33,7735,25330
34,7735,25330
35,7735,25330
36,7735,25330
37,7676,25330
38,7676,25330
39,7676,25330
40,7676,25330
41,7676,25330
42,7676,25330
43,7676,25330
44,7676,25330
45,7676,25330
46,7676,25330
47,7676,25330
48,7676,25330
49,7676,25330
0,11290,27031
1,10458,26595
2,10131,25272
3,9751,25272
4,9239,25272
5,8400,25272
6,8400,25272
7,8400,25272
8,8400,25272
9,8400,25272
10,7963,25272
11,7963,25272
12,7963,25272
13,7963,25272
14,7963,25272
15,7889,25272
16,7889,25272
17,7889,25005
18,7889,25005
19,7889,25005
20,7889,25005
21,7889,25005
22,7889,25005
23,7889,25005
24,7889,25005
25,7889,25005
26,7889,25005
27,7889,25005
28,7889,25005
29,7889,25005
30,7889,25005
31,7889,25005
32,7889,25005
33,7889,25005
34,7889,25005
35,7838,25005
36,7838,25005
37,7838,25005
38,7838,25005
39,7838,25005
40,7838,25005
41,7838,25005
42,7838,25005
43,7838,25005
44,7838,25005
45,7838,25005
46,7838,25005
47,7838,25005
48,7838,25005
49,7838,25005
0,12106,26553
1,11342,26553
2,9541,26553
3,9541,26553
4,9421,26553
5,8242,26019
6,8242,26019
7,8242,25666
8,8118,24781
9,8118,24781
10,8118,24781
11,8118,24781
12,8118,24781
13,7870,24781
14,7870,24781
15,7870,24781
16,7870,24781
17,7870,24781
18,7870,24781
19,7870,24781
20,7870,24781
21,7870,24781
22,7870,24781
23,7870,24781
24,7870,24781
25,7870,24781
26,7870,24781
27,7870,24781
28,7870,24781
29,7870,24781
30,7870,24781
31,7870,24781
32,7870,24781
33,7870,24781
34,7870,24781
35,7870,24781
36,7870,24781
37,7870,24781
38,7870,24781
39,7870,24781
40,7870,24781
41,7870,23861
42,7870,23861
43,7870,23861
44,7870,23861
45,7870,23861
46,7870,23861
47,7870,23861
48,7870,23861
49,7870,23861
0,12235,25291
0,11745,26087
1,10445,25291
1,11429,26087
2,10114,25119
2,10977,26087
3,8704,25119
3,9381,26087
4,9029,26087
4,8704,25119
5,8495,25119
5,8631,26087
6,8495,25119
6,8375,26087
7,8495,25119
7,8375,26087
8,8188,25119
8,8320,26087
9,8188,25119
9,8320,24495
10,8188,24930
10,8193,24495
11,8188,24930
11,8193,24495
12,8188,24930
12,8193,24495
13,8188,24930
13,8193,24495
14,8188,24930
14,8193,24495
15,8188,24930
15,8133,24495
16,8188,24930
16,8133,24495
17,8188,24930
17,8133,24495
18,8188,24930
18,8133,24495
19,8133,24495
19,8188,24930
20,8133,24495
20,8188,24930
21,8133,24495
21,8188,24930
22,7894,24495
22,8188,24930
23,7894,24495
23,8188,24930
24,7894,24495
24,8188,24930
25,7894,24495
26,7894,24495
25,8188,24930
27,7894,24495
26,8188,24930
28,7894,24495
27,7906,24930
29,7894,24495
28,7906,24930
30,7894,24495
29,7906,24930
31,7894,24495
32,7894,24495
30,7906,24580
33,7894,24495
31,7906,24580
34,7894,24495
32,7906,24580
35,7894,24495
33,7906,24580
36,7894,24495
34,7906,24580
37,7894,24495
38,7894,24495
35,7906,24580
39,7894,24495
36,7906,24580
40,7894,24495
37,7906,24580
41,7894,24495
38,7906,24580
42,7894,24495
39,7906,24580
43,7894,24495
40,7906,24021
44,7894,24495
41,7906,24021
45,7894,24495
42,7906,24021
46,7894,24495
43,7906,24021
47,7894,24495
44,7906,24021
48,7894,24495
49,7894,24495
45,7906,24021
46,7906,24021
47,7906,24021
48,7906,24021
49,7906,24021
0,11673,26636
1,10938,26636
2,10273,26636
3,9646,26636
4,9646,25289
5,9124,25289
6,8876,25289
7,8759,25289
8,8759,25289
9,8732,25289
10,8357,25289
11,8357,25289
12,8201,25289
13,8201,25289
14,8201,24792
15,7697,24792
16,7697,24792
17,7697,24792
18,7697,24792
19,7697,24792
20,7697,24792
21,7697,24792
22,7697,24792
23,7697,24792
24,7697,24792
25,7697,24792
26,7697,24792
27,7697,24792
28,7697,24792
29,7697,24792
30,7697,24792
31,7697,24792
32,7697,24792
33,7697,24792
34,7697,24792
35,7697,24792
36,7697,24792
37,7697,24792
38,7697,24792
39,7697,24792
40,7697,24792
41,7697,24792
42,7697,24792
43,7697,24792
44,7697,24792
45,7697,24792
46,7697,24792
47,7697,24792
48,7697,24792
49,7697,24792
0,12948,27921
1,10523,26789
2,10523,25757
3,9746,25757
4,9181,24974
5,9006,24974
6,8842,24963
7,8485,24963
8,8485,24963
9,8371,24963
10,8371,24963
11,8371,24963
12,8199,24963
13,8011,24963
14,8011,24963
15,8011,24963
16,8011,24963
17,8011,24963
18,7758,24963
19,7758,24963
20,7758,24963
21,7758,24963
22,7758,24963
23,7758,24963
24,7758,24963
25,7758,24963
26,7758,24963
27,7758,24963
28,7758,24963
29,7758,24963
30,7758,24963
31,7758,24963
32,7758,24963
33,7758,24963
34,7758,24963
35,7758,24963
36,7758,24963
37,7758,24963
38,7758,24963
39,7758,24963
40,7758,24963
41,7758,24963
42,7758,24963
43,7758,24963
44,7758,24963
45,7758,24963
46,7758,24963
47,7758,24963
48,7758,24963
49,7758,24963
0,11921,27588
1,10537,26584
2,10537,26584
3,9446,25851
4,8200,25851
5,8200,25851
6,7777,25851
7,7777,25681
8,7777,25571
9,7777,25571
10,7777,25571
11,7777,24772
12,7777,24772
13,7777,24772
14,7777,24772
15,7777,24772
16,7777,24772
17,7777,24772
18,7777,24772
19,7777,24772
20,7777,24772
21,7777,24772
22,7777,24772
23,7777,24772
24,7777,24772
25,7777,24772
26,7777,24772
27,7777,24772
28,7777,24772
29,7777,24772
30,7777,24772
31,7777,24772
32,7777,24565
33,7777,24565
34,7777,24565
35,7777,24565
36,7777,24197
37,7777,24197
38,7777,24197
39,7777,24197
40,7777,24197
41,7675,24197
42,7675,24197
43,7675,24197
44,7675,24197
45,7675,24197
46,7675,24197
47,7675,24197
48,7675,24197
49,7675,24197
0,12142,26944
1,12142,26944
2,10450,26859
3,9471,26570
4,8945,24448
5,8945,24448
6,8945,24448
7,8939,24448
8,8504,24448
9,8504,24448
10,8504,24448
11,8504,24448
12,8335,24448
13,8335,24448
14,8335,24448
15,8335,24448
16,8335,24448
17,8335,24448
18,8335,24448
19,8095,24448
20,8095,24448
21,8095,24448
22,8095,24448
23,8095,24448
24,8095,24448
25,8095,24448
26,8095,24448
27,8095,24448
28,8095,24448
29,8095,24448
30,8095,24448
31,8095,24448
32,8095,24448
33,8095,24448
34,8095,24448
35,8095,24448
36,8095,24448
37,7716,24448
38,7716,24448
39,7716,24448
40,7716,24448
41,7716,24448
42,7716,24448
43,7716,24448
44,7716,24448
45,7716,24448
46,7716,24448
47,7716,24448
48,7716,24448
49,7716,24448
0,12538,25171
1,11297,25171
2,10052,25171
3,9296,23261
4,8976,23261
5,8791,23261
6,8791,23261
7,8775,23261
8,8254,23261
9,8254,23261
10,8254,23261
11,8254,23261
12,8034,23261
13,8034,23261
14,8034,23261
15,7721,23261
16,7721,23261
17,7721,23261
18,7721,23261
19,7721,23261
20,7721,23261
21,7721,23261
22,7721,23261
23,7721,23261
24,7721,23261
25,7721,23261
26,7721,23261
27,7721,23261
28,7721,23261
29,7721,23261
30,7721,23261
31,7721,23261
32,7721,23261
33,7721,23261
34,7721,23261
35,7721,23261
36,7721,23261
37,7721,23261
38,7721,23261
39,7721,23261
40,7721,23261
41,7721,23261
42,7721,23261
43,7721,23261
44,7721,23261
45,7721,23261
46,7721,23261
47,7721,23261
48,7721,23261
49,7721,23261
0,12284,26754
1,11735,26587
2,10623,26283
3,9774,26283
4,8571,26283
5,8414,26283
6,8414,26283
7,8186,25594
8,8186,25594
9,8186,25594
10,8186,25594
11,8186,25594
12,8186,25594
13,8138,25594
14,8138,25594
15,8138,25594
16,8138,25594
17,8138,25594
18,8138,25594
19,8138,25594
20,8138,25594
21,8138,25594
22,8138,25594
23,8138,25594
24,8138,25594
25,8138,25594
26,8138,25594
27,8138,25594
28,8138,25594
29,8138,25594
30,8114,25594
31,8114,25594
32,7922,25594
33,7922,25594
34,7922,25589
35,7922,25589
36,7922,25589
37,7922,25584
38,7922,25584
39,7922,25584
40,7922,25584
41,7922,25584
42,7922,25584
43,7922,25584
44,7922,25584
45,7922,25584
46,7922,25584
47,7922,25584
48,7922,25584
49,7922,25584
0,12187,25674
1,10357,25674
2,10357,25674
3,9288,25314
4,8941,25314
5,8632,25314
6,8339,25314
7,8339,25314
8,8339,25314
9,8339,25314
10,8339,25314
11,8339,25314
12,8339,25314
13,7724,25314
14,7724,25314
15,7724,25314
16,7724,25314
17,7724,25314
18,7724,25314
19,7724,25314
20,7724,25314
21,7724,25314
22,7724,25314
23,7724,25314
24,7724,25314
25,7724,25314
26,7724,25243
27,7724,25243
28,7724,25243
29,7724,25243
30,7724,25243
31,7684,25243
32,7684,25243
33,7684,25243
34,7684,25243
35,7684,25243
36,7684,25243
37,7684,24404
38,7684,24404
39,7684,24404
40,7684,24404
41,7684,24404
42,7684,24404
43,7684,24404
44,7684,24404
45,7684,24404
46,7684,24404
47,7684,24404
48,7684,24404
49,7684,24404
0,12301,26980
1,11383,26861
2,10054,26861
3,9563,24955
4,8834,24955
5,8834,24955
6,8834,24955
7,8666,24955
8,8320,24955
9,8320,24955
10,8320,24955
11,8320,24955
12,8320,24955
13,8320,24955
14,8222,24955
15,8222,24955
16,8036,24955
17,8036,24955
18,7918,24955
19,7918,24955
20,7918,24955
21,7918,24955
22,7918,24955
23,7918,24955
24,7918,24955
25,7918,24955
26,7918,24955
27,7918,24955
28,7918,24955
29,7918,24955
30,7918,24955
31,7918,24955
32,7918,24955
33,7918,24955
34,7863,24955
35,7863,24955
36,7863,24955
37,7863,24955
38,7863,24955
39,7863,24955
40,7863,24955
41,7863,24955
42,7863,24955
43,7863,24858
44,7863,24858
45,7863,24858
46,7863,24858
47,7863,24858
48,7863,24858
49,7863,24858
0,11531,28002
1,11206,24591
2,10000,24591
3,9277,24591
4,9277,24591
5,8755,24591
6,8755,24591
7,8544,24591
8,8544,24591
9,8395,24544
10,8395,24544
11,8395,24544
12,8110,24544
13,8110,24544
14,8110,24544
15,7991,24544
16,7991,24544
17,7991,24544
18,7991,24544
19,7899,24544
20,7899,24544
21,7899,24544
22,7899,24544
23,7899,24544
24,7899,24544
25,7899,24544
26,7899,24544
27,7899,24544
28,7899,24544
29,7899,24544
30,7899,24544
31,7899,24544
32,7899,24544
33,7899,24544
34,7899,24544
35,7899,24544
36,7899,24544
37,7899,24544
38,7899,24544
39,7899,24544
40,7899,24544
41,7899,24544
42,7899,24544
43,7899,24544
44,7899,24544
45,7899,24544
46,7899,24544
47,7658,24544
48,7658,24544
49,7658,24544
0,12449,26279
1,10956,26197
2,9751,26197
3,9518,25525
4,9250,25525
5,9250,25512
6,9107,25166
7,8982,25166
8,8772,25166
9,8556,25166
10,7879,25166
11,7879,25166
12,7879,25166
13,7879,25166
14,7879,25166
15,7879,25166
16,7879,25166
17,7879,25166
18,7879,25166
19,7879,25166
20,7879,25166
21,7741,25166
22,7741,25026
23,7741,25026
24,7741,25026
25,7741,25026
26,7741,25026
27,7741,25026
28,7741,25026
29,7741,25026
30,7741,25026
31,7741,25026
32,7741,25026
33,7741,25026
34,7741,25026
35,7741,25026
36,7741,25026
37,7741,25026
38,7741,25026
39,7741,25026
40,7741,25026
41,7741,25026
42,7741,25026
43,7741,25026
44,7741,25026
45,7741,25026
46,7741,25026
47,7741,25026
48,7741,25026
49,7741,25026
0,11768,27007
1,11138,25211
2,9716,25211
3,9060,25211
4,9050,25211
5,8857,25211
6,8857,25211
7,8857,25211
8,8526,25211
9,8526,25211
10,8108,25211
11,8108,25211
12,8108,25211
13,8108,24854
14,8108,24284
15,8108,24284
16,8108,24284
17,7979,24284
18,7979,24284
19,7979,24284
20,7979,24284
21,7979,24284
22,7979,24284
23,7979,24284
24,7979,24284
25,7979,24284
26,7979,24284
27,7979,24284
28,7979,24284
29,7979,24284
30,7911,24284
31,7911,24284
32,7911,24284
33,7911,24284
34,7911,24284
35,7911,24284
36,7911,24284
37,7911,24284
38,7848,24284
39,7848,24284
40,7848,24284
41,7848,24284
42,7848,24284
43,7848,24284
44,7848,24284
45,7848,24284
46,7848,24284
47,7848,24284
48,7848,24284
49,7848,24284
0,12497,26041
1,11184,26041
2,9611,26041
3,9611,25736
4,8517,25736
5,8517,25736
6,8190,25736
7,8190,25736
8,8190,25736
9,8190,25736
10,8190,25736
11,8190,25736
12,8190,25736
13,8190,25736
14,8190,25736
15,8190,25736
16,8190,25736
17,8190,25736
18,8190,25736
19,8190,25736
20,8190,25736
21,8190,25736
22,8190,25736
23,8190,25736
24,7931,25736
25,7931,25736
26,7931,25736
27,7931,25736
28,7931,25051
29,7931,25051
30,7931,25051
31,7931,25051
32,7931,25051
33,7931,25051
34,7931,25051
35,7931,25051
36,7931,25051
37,7931,25051
38,7931,25051
39,7931,25051
40,7931,25051
41,7931,25051
42,7931,25051
43,7860,25051
44,7860,25051
45,7860,25051
46,7860,25051
47,7860,25051
48,7860,25051
49,7860,25051
0,11662,26592
1,11579,26592
2,10595,26544
3,9869,25570
4,9469,25570
5,9247,25570
6,9059,25570
7,8395,25570
8,8395,25570
9,8395,25570
10,8395,25570
11,8395,24884
12,8395,24884
13,8395,24884
14,8161,24884
15,8161,24884
16,8161,24884
17,8068,24884
18,8068,24884
19,8068,24884
20,8068,24884
21,8068,24884
22,8068,24361
23,8068,24361
24,8068,24361
25,8068,24361
26,8068,24361
27,8068,24361
28,7873,24361
29,7873,24361
30,7873,24361
31,7873,24361
32,7873,24361
33,7873,24361
34,7873,24361
35,7873,24361
36,7873,24361
37,7873,24361
38,7786,24361
39,7786,24361
40,7786,24361
41,7786,24361
42,7786,24361
43,7786,24361
44,7786,24361
45,7786,24361
46,7786,24361
47,7786,24361
48,7786,24361
49,7786,24361
0,11623,27352
1,11177,26902
2,10037,26902
3,9416,25583
4,9369,25583
5,8413,25583
6,8413,25583
7,8064,25583
8,8064,25583
9,8064,25583
10,8064,25583
11,8064,25583
12,8064,25583
13,8064,24932
14,8064,24932
15,8064,24932
16,8064,24932
17,8064,24932
18,8064,24932
19,8064,24932
20,8064,24932
21,8064,24932
22,8064,24932
23,8064,24932
24,8064,24932
25,8064,24932
26,8064,24932
27,8064,24932
28,8064,24932
29,8064,24932
30,8064,24932
31,8064,24932
32,8064,24932
33,8064,24932
34,8064,24932
35,8064,24932
36,8064,24932
37,8064,24932
38,8064,24932
39,8064,24932
40,8064,24932
41,8064,24932
42,8064,24932
43,8064,24932
44,8064,24932
45,8064,24932
46,8064,24932
47,8064,24932
48,8064,24895
49,8064,24895
0,11399,25947
1,10804,25947
2,10190,25709
3,9823,24587
4,9278,24587
5,8581,24587
6,8581,24587
7,8184,24587
8,8184,24587
9,8131,24587
10,8131,24587
11,8131,24587
12,8056,24587
13,8056,24587
14,8056,24587
15,8056,24587
16,8056,24587
17,8056,24587
18,8056,24587
19,7974,24587
20,7974,24587
21,7974,24587
22,7926,24587
23,7926,24587
24,7926,24587
25,7926,24587
26,7835,24587
27,7835,24587
28,7835,24587
29,7835,24587
30,7835,24587
31,7835,24587
32,7835,24587
33,7835,24587
34,7835,24587
35,7835,24587
36,7835,24587
37,7835,24587
38,7835,24587
39,7835,24587
40,7835,24587
41,7835,24587
42,7835,24587
43,7835,24587
44,7835,24587
45,7835,24587
46,7835,24587
47,7835,24587
48,7835,24587
49,7835,24587
0,11218,25536
1,10860,24577
2,10124,24577
3,9684,24577
4,8878,24577
5,8774,24577
6,8774,24577
7,8774,24577
8,8365,24577
9,8365,24577
10,8230,24577
11,8165,24577
12,7663,24577
13,7663,24577
14,7663,24577
15,7663,24577
16,7663,24577
17,7663,24577
18,7663,24577
19,7663,24577
20,7663,24577
21,7663,24577
22,7663,24577
23,7663,24577
24,7663,24577
25,7663,24577
26,7663,24577
27,7663,24577
28,7663,24577
29,7663,24577
30,7663,24577
31,7663,24577
32,7663,24577
33,7663,24577
34,7663,24577
35,7663,24577
36,7663,24577
37,7663,24577
38,7663,24577
39,7663,24577
40,7663,24577
41,7663,24577
42,7663,24577
43,7663,24577
44,7663,24577
45,7663,24577
46,7663,24577
47,7663,24577
48,7663,24040
49,7663,24040
0,11741,27697
1,10970,25760
2,10335,25760
3,9994,25760
4,8799,25760
5,8742,25760
6,8742,25760
7,8742,24293
8,8372,24293
9,8372,24293
10,8372,24293
11,8372,24293
12,8372,24293
13,8372,24293
14,8372,24293
15,8372,24293
16,7775,24293
17,7775,24293
18,7775,24293
19,7775,24293
20,7775,24293
21,7775,24293
22,7775,24293
23,7775,24293
24,7775,24293
25,7775,24293
26,7775,24293
27,7775,24293
28,7775,24293
29,7775,24293
30,7775,24293
31,7775,24293
32,7775,24293
33,7775,24293
34,7775,24293
35,7775,24293
36,7775,24293
37,7775,24293
38,7775,24293
39,7775,24293
40,7775,24293
41,7775,24293
42,7775,24293
43,7775,23400
44,7775,23400
45,7775,23400
46,7775,23400
47,7775,23400
48,7775,23400
49,7775,23400
0,11379,24997
1,11379,24997
2,9938,24997
3,9570,24997
4,9229,24997
5,8872,24997
6,8774,24997
7,8663,24997
8,8661,24997
9,8262,24997
10,7864,24997
11,7864,24997
12,7864,24997
13,7864,24997
14,7864,24997
15,7864,24997
16,7864,24997
17,7864,24997
18,7864,24997
19,7864,24997
20,7864,24997
21,7864,24997
22,7864,24655
23,7864,24655
24,7864,24655
25,7864,24655
26,7864,24655
27,7864,24655
28,7864,24655
29,7864,24655
30,7864,24655
31,7679,24655
32,7679,24655
33,7679,24655
34,7679,24655
35,7679,24655
36,7679,24655
37,7679,24655
38,7679,24655
39,7679,24655
40,7679,24655
41,7679,24655
42,7679,24655
43,7679,24655
44,7679,24655
45,7679,24586
46,7679,24586
47,7679,24586
48,7679,24586
49,7679,24586
0,12590,27098
0,12809,26012
1,10886,26585
1,10585,26012
2,10261,26012
2,10247,26585
3,9648,24310
3,9801,24788
4,9118,24310
4,9135,24788
5,8932,24310
5,8896,24788
6,8557,24310
6,8614,24788
7,8111,24310
7,8614,24788
8,8111,24310
8,8523,24788
9,8111,24310
9,7872,24788
10,8111,24310
11,8111,24310
10,7872,24788
12,8078,24310
11,7872,24788
13,8047,24310
12,7872,24788
14,8047,24310
13,7872,24788
15,8047,24310
14,7872,24788
16,8047,24310
15,7872,24702
17,7927,24310
16,7872,24702
18,7927,24310
17,7872,24702
19,7927,24310
18,7872,24702
20,7927,24310
19,7872,24702
20,7872,24702
21,7927,24310
21,7872,24702
22,7927,24310
22,7872,23571
23,7915,24310
23,7872,23571
24,7915,24310
24,7872,23571
25,7915,24310
25,7872,23571
26,7915,24310
26,7872,23571
27,7872,23571
27,7915,24310
28,7872,23571
28,7915,24310
29,7872,23571
29,7915,24310
30,7872,23571
30,7915,24310
31,7872,23571
31,7915,24310
32,7872,23571
32,7915,24310
33,7872,23571
33,7915,24310
34,7915,24310
34,7872,23571
35,7872,23571
35,7915,24310
36,7872,23571
36,7915,24310
37,7872,23571
37,7846,24310
38,7872,23571
38,7846,24310
39,7872,23571
39,7846,24310
40,7872,23571
40,7846,24310
41,7872,23571
41,7846,24310
42,7872,23571
42,7846,24310
43,7872,23571
43,7846,24310
44,7872,23571
44,7846,24310
45,7872,23571
45,7846,24310
46,7872,23571
46,7846,24310
47,7872,23571
47,7846,24310
48,7872,23571
48,7846,24310
49,7872,23571
49,7846,24310
0,12622,26430
1,11261,26430
2,9769,26430
3,9760,26430
4,9048,25346
5,8442,25346
6,8442,25346
7,8442,25346
8,8266,25346
9,8153,25346
10,7790,25346
11,7790,25346
12,7790,25346
13,7790,25346
14,7790,25346
15,7790,25346
16,7790,25346
17,7790,25346
18,7790,25346
19,7790,25346
20,7790,25346
21,7790,25346
22,7790,24569
23,7790,24569
24,7790,24569
25,7790,24569
26,7790,24569
27,7790,24569
28,7680,24569
29,7680,24569
30,7680,24569
31,7680,24569
32,7680,24569
33,7680,24569
34,7548,24569
35,7548,24569
36,7548,24569
37,7548,24569
38,7548,24569
39,7548,24569
40,7548,24569
41,7548,24569
42,7548,24569
43,7548,24569
44,7548,24569
45,7548,24569
46,7548,24569
47,7548,24238
48,7548,24238
49,7548,24238
0,11604,25593
1,11327,25593
2,10699,25593
3,9374,25593
4,8731,25593
5,8632,25593
6,8632,24471
7,8057,24471
8,8057,24471
9,8057,23564
10,8057,23564
11,8057,23564
12,8057,23564
13,8057,23564
14,8057,23564
15,8057,23564
16,7915,23564
17,7915,23564
18,7915,23564
19,7915,23564
20,7890,23564
21,7890,23564
22,7890,23564
23,7890,23564
24,7890,23564
25,7890,23564
26,7890,23564
27,7890,23564
28,7890,23564
29,7890,23564
30,7890,23564
31,7890,23564
32,7890,23564
33,7890,23564
34,7890,23564
35,7890,23564
36,7890,23564
37,7890,23564
38,7890,23564
39,7890,23564
40,7870,23564
41,7870,23564
42,7870,23564
43,7870,23564
44,7870,23564
45,7870,23564
46,7870,23564
47,7870,23564
48,7870,23564
49,7870,23564
0,12523,27164
0,12876,27662
1,10616,25807
1,11158,27348
2,10340,25807
2,10247,26907
3,9702,25807
3,9396,26907
4,9046,25807
4,8717,25720
5,8818,25807
5,8179,25720
6,8344,25159
6,8179,25720
7,8344,25159
7,8179,25720
8,8050,25159
8,8179,25720
9,8050,25159
9,8179,25720
10,8050,25159
10,8116,25720
11,8050,25159
11,8093,24983
12,8093,24983
12,8050,25159
13,8093,24983
13,7837,25159
14,8093,24983
14,7837,25159
15,8093,24983
15,7837,25159
16,8093,24983
16,7837,25159
17,8093,24983
17,7837,25133
18,7980,24983
18,7837,25133
19,7980,24983
19,7837,25133
20,7980,24983
20,7837,25133
21,7980,24983
21,7837,25133
22,7980,24983
22,7837,25133
23,7980,24983
23,7837,25133
24,7980,24983
25,7980,24983
24,7837,25133
26,7980,24752
25,7837,25133
27,7980,24752
26,7837,25133
28,7980,24752
27,7837,25133
29,7980,24752
28,7837,25133
30,7980,24752
29,7837,25133
31,7980,24752
30,7837,25133
32,7980,24752
31,7837,25133
33,7980,24752
32,7837,25133
34,7980,24752
33,7837,25133
35,7980,24752
36,7980,24752
34,7837,25133
37,7980,24752
35,7837,25133
38,7980,24752
36,7837,25133
39,7980,24752
37,7837,25133
40,7980,24752
38,7837,23986
41,7792,24752
39,7837,23986
42,7792,24752
40,7837,23986
43,7792,24752
41,7837,23986
44,7792,24752
42,7837,23986
45,7792,24752
43,7837,23986
46,7792,24752
44,7837,23986
47,7792,24752
45,7837,23986
48,7792,24752
46,7837,23986
49,7792,24752
47,7837,23986
48,7837,23986
49,7837,23986
0,12446,27842
1,10884,26438
2,9764,26438
3,9764,24350
4,9455,24350
5,8661,24350
6,8661,24350
7,8661,24350
8,8661,24350
9,8661,24350
10,8344,24350
11,8344,24350
12,8102,24350
13,8102,24350
14,8102,24350
15,8102,24350
16,8102,24350
17,8102,24350
18,8102,24350
19,8102,24350
20,8102,24350
21,8102,24350
22,8102,24350
23,8102,24350
24,8102,24350
25,8102,24350
26,8102,24350
27,8102,24350
28,8102,24350
29,8102,24350
30,8102,24350
31,8102,24350
32,8102,24350
33,8102,24350
34,8102,24350
35,7958,24350
36,7958,24350
37,7958,24350
38,7958,24350
39,7958,24350
40,7958,24350
41,7958,24350
42,7958,24350
43,7958,24350
44,7958,24350
45,7958,24350
46,7958,24350
47,7958,24350
48,7945,24350
49,7945,24350
0,12760,24786
1,11147,24786
2,9376,24786
3,8890,24786
4,8890,24786
5,8867,24786
6,8802,24786
7,7769,24786
8,7769,24786
9,7769,24786
10,7769,24786
11,7769,24786
12,7769,24786
13,7769,24786
14,7769,23101
15,7769,23101
16,7739,23101
17,7739,23101
18,7739,23101
19,7739,23101
20,7739,23101
21,7739,23101
22,7739,23101
23,7739,23101
24,7739,23101
25,7739,23101
26,7739,23101
27,7739,23101
28,7739,23101
29,7739,23101
30,7739,23101
31,7739,23101
32,7692,23101
33,7692,23101
34,7692,23101
35,7692,23101
36,7692,23101
37,7692,23101
38,7692,23101
39,7692,23101
40,7692,23101
41,7692,23101
42,7692,23101
43,7692,23101
44,7692,23101
45,7692,23101
46,7692,23101
47,7692,23101
48,7692,23101
49,7692,23101
0,11822,26628
1,10628,26213
2,10198,26213
3,9846,26213
4,9347,26213
5,8953,25984
6,8953,25984
7,8685,25984
8,8274,25984
9,8274,25984
10,8274,25622
11,8274,25622
12,8274,25622
13,7840,25622
14,7840,25622
15,7840,25622
16,7840,25622
17,7840,25622
18,7840,25622
19,7840,25622
20,7840,25622
21,7840,25622
22,7840,25622
23,7840,25622
24,7840,25622
25,7840,25622
26,7840,23454
27,7840,23454
28,7840,23454
29,7840,23454
30,7840,23454
31,7840,23454
32,7840,23454
33,7840,23454
34,7840,23454
35,7840,23454
36,7840,23454
37,7840,23454
38,7840,23454
39,7840,23454
40,7840,23454
41,7840,23454
42,7840,23454
43,7840,23454
44,7840,23454
45,7840,23454
46,7840,23454
47,7840,23454
48,7840,23454
49,7840,23454
0,12372,27071
1,10692,24261
2,9711,24261
3,9711,24261
4,9033,24261
5,9033,24261
6,8405,24261
7,8405,24261
8,8405,24261
9,8405,24261
10,8405,24261
11,8405,24261
12,8405,24261
13,8287,24261
14,8133,24261
15,8133,24261
16,8133,24261
17,8133,24261
18,8087,24261
19,8087,24261
20,8087,24261
21,8087,24261
22,8087,24261
23,8087,24261
24,8087,24261
25,7974,24261
26,7871,24261
27,7871,24261
28,7871,24261
29,7871,24261
30,7871,24261
31,7871,24261
32,7871,24261
33,7871,24261
34,7871,24261
35,7871,24261
36,7707,24261
37,7707,24261
38,7707,24261
39,7707,24261
40,7707,24261
41,7707,24261
42,7707,24261
43,7707,24261
44,7707,24261
45,7707,24261
46,7707,24261
47,7707,24261
48,7707,24261
49,7707,24261
0,11763,26812
1,11357,26026
2,9696,26026
3,9420,26026
4,9402,26026
5,8483,25869
6,8483,25869
7,8409,25869
8,8122,25869
9,8122,25869
10,8122,25869
11,8122,25869
12,8122,25769
13,8122,25765
14,8122,25765
15,8122,25765
16,8122,25765
17,8122,25214
18,8122,25214
19,8122,25214
20,8122,25214
21,8122,25214
22,8122,25214
23,8122,25214
24,8122,25214
25,8122,25214
26,8113,25214
27,8113,25214
28,8113,25214
29,8113,25214
30,8113,25214
31,8113,25214
32,8113,25214
33,8113,25214
34,8113,25214
35,8113,25214
36,8113,25214
37,8113,25214
38,8113,25214
39,8113,25214
40,8113,25214
41,8113,25214
42,7872,25214
43,7872,25214
44,7872,25214
45,7872,25214
46,7872,25214
47,7872,25214
48,7872,25214
49,7872,25214
0,11709,26532
1,10713,26532
2,10308,25262
3,9472,25262
4,9418,25262
5,8364,25262
6,8364,25262
7,8364,25262
8,8364,25262
9,8137,25262
10,8137,25262
11,8137,25262
12,8137,25262
13,8137,25262
14,8137,25262
15,8137,25150
16,8137,25150
17,8137,25150
18,8137,25150
19,8137,25150
20,8137,25150
21,8137,25150
22,8137,25150
23,8137,24406
24,8005,24406
25,8005,24406
26,8005,24406
27,8005,24406
28,8005,24406
29,8005,24406
30,8005,24406
31,8005,24406
32,8005,24406
33,8005,24406
34,8005,24406
35,8005,24406
36,7867,24406
37,7867,24406
38,7867,24406
39,7867,24406
40,7867,24406
41,7867,24406
42,7867,24406
43,7867,24406
44,7867,24406
45,7867,24406
46,7769,24406
47,7769,24406
48,7769,24406
49,7769,24406
0,11965,26684
1,10973,26684
2,10527,25242
3,9764,25242
4,8800,25242
5,8800,25242
6,8800,25242
7,8800,25242
8,8602,25242
9,8602,25242
10,8264,25242
11,8264,25242
12,8264,25242
13,8264,25242
14,8264,25242
15,8264,24345
16,8264,24345
17,8264,24345
18,8264,24345
19,8264,24345
20,7960,24345
21,7960,24345
22,7960,24345
23,7960,24345
24,7960,24345
25,7960,24345
26,7960,24345
27,7960,24345
28,7960,24345
29,7960,24345
30,7960,24345
31,7960,24345
32,7960,24345
33,7960,24345
34,7960,24345
35,7791,24345
36,7791,24345
37,7791,24345
38,7791,24345
39,7791,24345
40,7791,24345
41,7791,24345
42,7791,24345
43,7791,24345
44,7663,24345
45,7663,24345
46,7663,24345
47,7663,24345
48,7663,24345
49,7663,24345
0,12195,27239
1,11815,27239
2,10479,27110
3,9115,25888
4,9115,25888
5,8412,25888
6,8016,25888
7,8016,25522
8,8016,25522
9,8016,25522
10,8016,25522
11,8016,25522
12,8016,25522
13,8016,25522
14,8016,25522
15,7886,25522
16,7886,25522
17,7886,25522
18,7886,25522
19,7886,25522
20,7886,25522
21,7886,25522
22,7886,25522
23,7886,24609
24,7886,24609
25,7886,24609
26,7886,24609
27,7886,24609
28,7886,24609
29,7886,24609
30,7886,24609
31,7886,24609
32,7886,24609
33,7886,24609
34,7886,24609
35,7886,24609
36,7886,24286
37,7886,24286
38,7886,24286
39,7886,24286
40,7886,24286
41,7886,24286
42,7886,24286
43,7886,24286
44,7886,24286
45,7886,24286
46,7886,24286
47,7886,24286
48,7886,24286
49,7886,24286
0,11081,25392
1,10972,25392
2,10530,25392
3,9558,25392
4,9122,25392
5,9122,25392
6,8896,25392
7,8170,24628
8,8170,24628
9,8170,24628
10,8170,24628
11,8077,24628
12,8010,24628
13,8010,24628
14,8010,24628
15,8010,24628
16,8010,24628
17,8010,24628
18,8010,24628
19,8010,24628
20,8010,24628
21,8010,24628
22,7919,24628
23,7919,24628
24,7919,24628
25,7919,24628
26,7919,24628
27,7919,24628
28,7919,24628
29,7919,24628
30,7919,24628
31,7919,24628
32,7919,24628
33,7919,24628
34,7919,24628
35,7919,24628
36,7919,24628
37,7919,24628
38,7919,24628
39,7919,24628
40,7919,24628
41,7919,24628
42,7919,24628
43,7919,24628
44,7919,23233
45,7919,23233
46,7919,23233
47,7919,23233
48,7919,23233
49,7919,23233
0,12682,24938
1,10998,24938
2,10136,24938
3,8933,24938
4,8916,24938
5,8916,24938
6,8686,24938
7,8686,24938
8,8686,24938
9,8343,24938
10,8111,24938
11,8111,24938
12,8111,24938
13,8111,24938
14,8111,24938
15,8111,24938
16,8111,24938
17,8111,24805
18,8111,24805
19,8111,24805
20,7974,24805
21,7974,24805
22,7974,24805
23,7974,24805
24,7974,24805
25,7974,24805
26,7974,24805
27,7974,24805
28,7822,24805
29,7822,24805
30,7822,24805
31,7822,24805
32,7822,24414
33,7822,24414
34,7822,24414
35,7822,24414
36,7822,24414
37,7822,24414
38,7822,24414
39,7822,24414
40,7782,24414
41,7782,24414
42,7782,24414
43,7782,24414
44,7782,23167
45,7782,23167
46,7782,23167
47,7782,23167
48,7782,23167
49,7782,23167
0,11657,26997
1,11414,26823
2,10016,26823
3,9776,26823
4,9313,26823
5,9152,25726
6,9152,25320
7,8814,25152
8,8496,25152
9,8496,25152
10,8398,25152
11,8398,25152
12,8398,25152
13,8382,25152
14,8218,25152
15,8155,25152
16,8155,25152
17,8155,25152
18,8155,25152
19,8155,25152
20,8155,25152
21,8155,25152
22,8155,25152
23,8155,25152
24,8155,25152
25,8155,25152
26,8155,25152
27,8155,25152
28,8155,25152
29,8155,24336
30,8155,24336
31,8155,24336
32,8154,24336
33,8154,24336
34,8154,24336
35,8154,24336
36,8154,24336
37,8154,24336
38,8154,24336
39,8154,24336
40,8154,24336
41,8154,24336
42,8154,24336
43,8154,24336
44,8154,24336
45,8154,24336
46,8154,24336
47,8115,24336
48,8115,24336
49,7790,24336
0,11013,26544
1,10549,26158
2,10549,26158
3,9390,26158
4,9390,26158
5,9390,26158
6,8475,26158
7,8475,26158
8,7968,26158
9,7968,26158
10,7968,26158
11,7968,25451
12,7879,25451
13,7879,25451
14,7879,25451
15,7879,25451
16,7879,25451
17,7879,25451
18,7879,25451
19,7879,25451
20,7879,25224
21,7879,25224
22,7879,25224
23,7879,25224
24,7879,25224
25,7879,25224
26,7879,25224
27,7879,25224
28,7879,25224
29,7879,25224
30,7879,25224
31,7879,25224
32,7879,25224
33,7879,25224
34,7879,25224
35,7879,25224
36,7879,25224
37,7879,25224
38,7879,25224
39,7879,25224
40,7879,25224
41,7879,25224
42,7879,25224
43,7879,25224
44,7879,25224
45,7879,25224
46,7879,25224
47,7879,25067
48,7879,25067
49,7879,25067
0,12074,27222
1,10725,23781
2,9454,23781
3,9454,23781
4,8946,23781
5,8946,23781
6,8008,23781
7,8008,23781
8,8008,23781
9,8008,23781
10,8008,23781
11,7905,23781
12,7905,23781
13,7905,23781
14,7905,23781
15,7905,23781
16,7905,23781
17,7905,23781
18,7905,23781
19,7575,23781
20,7575,23781
21,7575,23781
22,7575,23781
23,7575,23781
24,7575,23781
25,7575,23781
26,7575,23781
27,7575,23781
28,7575,23781
29,7575,23781
30,7575,23781
31,7575,23781
32,7575,23781
33,7575,23781
34,7575,23781
35,7575,23781
36,7575,23781
37,7575,23781
38,7575,23781
39,7575,23781
40,7575,23781
41,7575,23781
42,7575,23781
43,7575,23781
44,7575,23634
45,7575,23634
46,7575,23634
47,7575,23634
48,7575,23634
49,7575,23634
